timestamp,module,agent,step,status,details
2026-06-29 14:29:26.486605,01_workflow_automation,WorkflowEngine,Input received,SUCCESS,Acme Corp
2026-06-29 14:29:26.489604,01_workflow_automation,WorkflowEngine,Due diligence,SUCCESS,KYC package complete
2026-06-29 14:29:26.490601,01_workflow_automation,WorkflowEngine,Policy check,SUCCESS,Policy check passed
2026-06-29 14:29:26.492610,01_workflow_automation,WorkflowEngine,Risk scoring,SUCCESS,Risk score calculated
2026-06-29 14:30:06.934805,01_workflow_automation,WorkflowEngine,Input received,SUCCESS,Acme Corp
2026-06-29 14:30:06.936806,01_workflow_automation,WorkflowEngine,Due diligence,SUCCESS,KYC package complete
2026-06-29 14:30:06.937799,01_workflow_automation,WorkflowEngine,Policy check,SUCCESS,Policy check passed
2026-06-29 14:30:06.940805,01_workflow_automation,WorkflowEngine,Risk scoring,SUCCESS,Risk score calculated
2026-06-29 14:31:05.682095,01_workflow_automation,WorkflowEngine,Input received,SUCCESS,Acme Corp
2026-06-29 14:31:05.683089,01_workflow_automation,WorkflowEngine,Due diligence,SUCCESS,KYC package complete
2026-06-29 14:31:05.685090,01_workflow_automation,WorkflowEngine,Policy check,SUCCESS,Policy check passed
2026-06-29 14:31:05.687088,01_workflow_automation,WorkflowEngine,Risk scoring,SUCCESS,Risk score calculated
2026-06-29 14:31:21.567219,01_workflow_automation,WorkflowEngine,Input received,SUCCESS,Acme Corp
2026-06-29 14:31:21.568212,01_workflow_automation,WorkflowEngine,Due diligence,SUCCESS,KYC package complete
2026-06-29 14:31:21.569214,01_workflow_automation,WorkflowEngine,Policy check,SUCCESS,Policy check passed
2026-06-29 14:31:21.570217,01_workflow_automation,WorkflowEngine,Risk scoring,SUCCESS,Risk score calculated
